Introduced,Resident,Location
Alytes obstetricans,"['Alytes almogavarii', 'Alytes cisternasii', 'Alytes dickhilleni', 'Alytes muletensis']","[['Spain'], ['Spain'], ['Spain'], ['Spain']]"
Ambystoma mavortium,"['Ambystoma gracile', 'Ambystoma macrodactylum', 'Ambystoma californiense']","[['United States of America - California', 'United States of America - Oregon', 'United States of America - Washington'], ['United States of America - California', 'United States of America - Oregon', 'United States of America - Washington'], ['United States of America - California']]"
Andrias sligoi,['Andrias japonicus'],[['Japan']]
Aquarana catesbeiana,"['Aquarana clamitans', 'Aquarana septentrionalis']","[['United States of America - Iowa', 'United States of America - Minnesota'], ['United States of America - Minnesota']]"
Aquarana clamitans,"['Aquarana catesbeiana', 'Aquarana septentrionalis']","[['Canada', 'United States of America - Iowa'], ['Canada']]"
Batrachoseps major,"['Batrachoseps altasierrae', 'Batrachoseps aridus', 'Batrachoseps attenuatus', 'Batrachoseps bramei', 'Batrachoseps campi', 'Batrachoseps diabolicus', 'Batrachoseps gabrieli', 'Batrachoseps gavilanensis', 'Batrachoseps gregarius', 'Batrachoseps incognitus', 'Batrachoseps kawia', 'Batrachoseps luciae', 'Batrachoseps minor', 'Batrachoseps nigriventris', 'Batrachoseps pacificus', 'Batrachoseps regius', 'Batrachoseps relictus', 'Batrachoseps robustus', 'Batrachoseps simatus', 'Batrachoseps stebbinsi', 'Batrachoseps wakei']","[['United States of America - California'], ['United States of America - California'], ['United States of America - California'], ['United States of America - California'], ['United States of America - California'], ['United States of America - California'], ['United States of America - California'], ['United States of America - California'], ['United States of America - California'], ['United States of America - California'], ['United States of America - California'], ['United States of America - California'], ['United States of America - California'], ['United States of America - California'], ['United States of America - California'], ['United States of America - California'], ['United States of America - California'], ['United States of America - California'], ['United States of America - California'], ['United States of America - California'], ['United States of America - California']]"
Bombina bombina,['Bombina variegata'],[['France']]
Bufo bufo,['Bufo spinosus'],[['Italy']]
Bufo formosus,"['Bufo praetextatus', 'Bufo torrenticola']","[['Japan'], ['Japan']]"
Bufo gargarizans,"['Bufo formosus', 'Bufo praetextatus', 'Bufo torrenticola']","[['Japan'], ['Japan'], ['Japan']]"
Desmognathus monticola,['Desmognathus brimleyorum'],[['United States of America - Arkansas']]
Discoglossus pictus,"['Discoglossus montalentii', 'Discoglossus sardus', 'Discoglossus scovazzi', 'Discoglossus galganoi']","[['France'], ['France'], ['Spain'], ['Spain']]"
Dryophytes cinereus,"['Dryophytes arenicolor', 'Dryophytes chrysoscelis', 'Dryophytes squirellus', 'Dryophytes versicolor', 'Dryophytes avivoca']","[['United States of America - Texas'], ['United States of America - Missouri', 'United States of America - Texas'], ['United States of America - Texas'], ['United States of America - Missouri', 'United States of America - Texas'], ['United States of America - Missouri']]"
Duttaphrynus melanostictus,"['Duttaphrynus sumatranus', 'Duttaphrynus totol', 'Duttaphrynus valhallae']","[['Indonesia'], ['Indonesia'], ['Indonesia']]"
Eleutherodactylus campi,"['Eleutherodactylus guttilatus', 'Eleutherodactylus marnockii']","[['United States of America - Texas'], ['United States of America - Texas']]"
Eleutherodactylus coqui,"['Eleutherodactylus antillensis', 'Eleutherodactylus cochranae', 'Eleutherodactylus lentus', 'Eleutherodactylus schwartzi']","[['Virgin Islands', 'Virgin Islands', 'U.S.'], ['Virgin Islands', 'Virgin Islands', 'U.S.'], ['Virgin Islands', 'Virgin Islands', 'U.S.'], ['Virgin Islands', 'Virgin Islands', 'U.S.']]"
Eleutherodactylus johnstonei,"['Eleutherodactylus alticola', 'Eleutherodactylus amplinympha', 'Eleutherodactylus andrewsi', 'Eleutherodactylus barlagnei', 'Eleutherodactylus cavernicola', 'Eleutherodactylus cundalli', 'Eleutherodactylus fuscus', 'Eleutherodactylus glaucoreius', 'Eleutherodactylus gossei', 'Eleutherodactylus grabhami', 'Eleutherodactylus griphus', 'Eleutherodactylus jamaicensis', 'Eleutherodactylus junori', 'Eleutherodactylus luteolus', 'Eleutherodactylus martinicensis', 'Eleutherodactylus montserratae', 'Eleutherodactylus nubicola', 'Eleutherodactylus orcutti', 'Eleutherodactylus pantoni', 'Eleutherodactylus pentasyringos', 'Eleutherodactylus pinchoni', 'Eleutherodactylus sisyphodemus', 'Eleutherodactylus antillensis', 'Eleutherodactylus cochranae', 'Eleutherodactylus lentus', 'Eleutherodactylus schwartzi']","[['Jamaica'], ['Dominica'], ['Jamaica'], ['Guadeloupe'], ['Jamaica'], ['Jamaica'], ['Jamaica'], ['Jamaica'], ['Jamaica'], ['Jamaica'], ['Jamaica'], ['Jamaica'], ['Jamaica'], ['Jamaica'], ['Dominica', 'Martinique'], ['Montserrat'], ['Jamaica'], ['Jamaica'], ['Jamaica'], ['Jamaica'], ['Guadeloupe'], ['Jamaica'], ['Virgin Islands', 'British', 'Virgin Islands', 'U.S.'], ['Virgin Islands', 'British', 'Virgin Islands', 'U.S.'], ['Virgin Islands', 'British', 'Virgin Islands', 'U.S.'], ['Virgin Islands', 'British', 'Virgin Islands', 'U.S.']]"
Eleutherodactylus martinicensis,"['Eleutherodactylus barlagnei', 'Eleutherodactylus johnstonei', 'Eleutherodactylus pinchoni']","[['Guadeloupe'], ['Antigua and Barbuda'], ['Guadeloupe']]"
Eleutherodactylus planirostris,"['Eleutherodactylus albolabris', 'Eleutherodactylus alticola', 'Eleutherodactylus andrewsi', 'Eleutherodactylus angustidigitorum', 'Eleutherodactylus campi', 'Eleutherodactylus cavernicola', 'Eleutherodactylus coelum', 'Eleutherodactylus colimotl', 'Eleutherodactylus cundalli', 'Eleutherodactylus cystignathoides', 'Eleutherodactylus dennisi', 'Eleutherodactylus dilatus', 'Eleutherodactylus erendirae', 'Eleutherodactylus erythrochomus', 'Eleutherodactylus floresvillelai', 'Eleutherodactylus franzi', 'Eleutherodactylus fuscus', 'Eleutherodactylus glaucoreius', 'Eleutherodactylus gossei', 'Eleutherodactylus grabhami', 'Eleutherodactylus grandis', 'Eleutherodactylus griphus', 'Eleutherodactylus grunwaldi', 'Eleutherodactylus guttilatus', 'Eleutherodactylus humboldti', 'Eleutherodactylus interorbitalis', 'Eleutherodactylus jaliscoensis', 'Eleutherodactylus jamaicensis', 'Eleutherodactylus jamesdixoni', 'Eleutherodactylus junori', 'Eleutherodactylus leprus', 'Eleutherodactylus longipes', 'Eleutherodactylus luteolus', 'Eleutherodactylus maculabialis', 'Eleutherodactylus manantlanensis', 'Eleutherodactylus maurus', 'Eleutherodactylus modestus', 'Eleutherodactylus nebulosus', 'Eleutherodactylus nietoi', 'Eleutherodactylus nitidus', 'Eleutherodactylus nubicola', 'Eleutherodactylus orarius', 'Eleutherodactylus orcutti', 'Eleutherodactylus pallidus', 'Eleutherodactylus pantoni', 'Eleutherodactylus pentasyringos', 'Eleutherodactylus petersi', 'Eleutherodactylus pipilans', 'Eleutherodactylus potosiensis', 'Eleutherodactylus rubrimaculatus', 'Eleutherodactylus rufescens', 'Eleutherodactylus saxatilis', 'Eleutherodactylus sentinelus', 'Eleutherodactylus sisyphodemus', 'Eleutherodactylus syristes', 'Eleutherodactylus teretistes', 'Eleutherodactylus verrucipes', 'Eleutherodactylus verruculatus', 'Eleutherodactylus wixarika', 'Eleutherodactylus marnockii']","[['Mexico'], ['Jamaica'], ['Jamaica'], ['Mexico'], ['Mexico', 'United States of America - Texas'], ['Jamaica'], ['Mexico'], ['Mexico'], ['Jamaica'], ['Mexico'], ['Mexico'], ['Mexico'], ['Mexico'], ['Mexico'], ['Mexico'], ['Mexico'], ['Jamaica'], ['Jamaica'], ['Jamaica'], ['Jamaica'], ['Mexico'], ['Jamaica'], ['Mexico'], ['Mexico', 'United States of America - Texas'], ['Mexico'], ['Mexico'], ['Mexico'], ['Jamaica'], ['Mexico'], ['Jamaica'], ['Mexico'], ['Mexico'], ['Jamaica'], ['Mexico'], ['Mexico'], ['Mexico'], ['Mexico'], ['Mexico'], ['Mexico'], ['Mexico'], ['Jamaica'], ['Mexico'], ['Jamaica'], ['Mexico'], ['Jamaica'], ['Jamaica'], ['Mexico'], ['Mexico'], ['Mexico'], ['Mexico'], ['Mexico'], ['Mexico'], ['Mexico'], ['Jamaica'], ['Mexico'], ['Mexico'], ['Mexico'], ['Mexico'], ['Mexico'], ['United States of America - Texas']]"
Fejervarya cancrivora,"['Fejervarya iskandari', 'Fejervarya limnocharis', 'Fejervarya moodiei', 'Fejervarya verruculosa', 'Fejervarya vittigera']","[['Indonesia'], ['Indonesia'], ['Philippines'], ['Indonesia'], ['Philippines']]"
Fejervarya kawamurai,['Fejervarya sakishimensis'],[['Japan']]
Hyla intermedia,['Hyla arborea'],[['Netherlands']]
Hyla meridionalis,['Hyla molleri'],[['Spain']]
Hyla orientalis,['Hyla arborea'],"[['Latvia', 'Netherlands']]"
Hylarana erythraea,"['Hylarana arfaki', 'Hylarana aurata', 'Hylarana baramica', 'Hylarana celebensis', 'Hylarana centropeninsularis', 'Hylarana chalconota', 'Hylarana daemeli', 'Hylarana debussyi', 'Hylarana decorata', 'Hylarana elberti', 'Hylarana fantastica', 'Hylarana florensis', 'Hylarana garritor', 'Hylarana glandulosa', 'Hylarana grisea', 'Hylarana jimiensis', 'Hylarana laterimaculata', 'Hylarana luctuosa', 'Hylarana macrops', 'Hylarana megalonesa', 'Hylarana mocquardii', 'Hylarana moluccana', 'Hylarana nicobariensis', 'Hylarana nigroverrucosa', 'Hylarana nigrovittata', 'Hylarana novaeguineae', 'Hylarana papua', 'Hylarana parvaccola', 'Hylarana persimilis', 'Hylarana picturata', 'Hylarana raniceps', 'Hylarana rawa', 'Hylarana rufipes', 'Hylarana siberu', 'Hylarana signata', 'Hylarana sundabarat', 'Hylarana supragrisea', 'Hylarana volkerjane', 'Hylarana grandocula', 'Hylarana guttmani', 'Hylarana mangyanum', 'Hylarana melanomenta', 'Hylarana moellendorffi', 'Hylarana similis']","[['Indonesia', 'Indonesia - Papua Region'], ['Indonesia', 'Indonesia - Papua Region'], ['Indonesia'], ['Indonesia'], ['Indonesia'], ['Indonesia'], ['Indonesia', 'Indonesia - Papua Region'], ['Indonesia'], ['Indonesia'], ['Indonesia'], ['Indonesia'], ['Indonesia'], ['Indonesia', 'Indonesia - Papua Region'], ['Indonesia'], ['Indonesia', 'Indonesia - Papua Region'], ['Indonesia', 'Indonesia - Papua Region'], ['Indonesia'], ['Indonesia'], ['Indonesia'], ['Indonesia'], ['Indonesia'], ['Indonesia'], ['Indonesia', 'Philippines'], ['Indonesia'], ['Indonesia'], ['Indonesia', 'Indonesia - Papua Region'], ['Indonesia', 'Indonesia - Papua Region'], ['Indonesia'], ['Indonesia'], ['Indonesia'], ['Indonesia'], ['Indonesia'], ['Indonesia'], ['Indonesia'], ['Indonesia'], ['Indonesia'], ['Indonesia', 'Indonesia - Papua Region'], ['Indonesia', 'Indonesia - Papua Region'], ['Philippines'], ['Philippines'], ['Philippines'], ['Philippines'], ['Philippines'], ['Philippines']]"
Hylarana guentheri,"['Hylarana baramica', 'Hylarana erythraea', 'Hylarana labialis', 'Hylarana laterimaculata']","[['Singapore'], ['Singapore'], ['Singapore'], ['Singapore']]"
Ingerophrynus biporcatus,"['Ingerophrynus celebensis', 'Ingerophrynus claviger', 'Ingerophrynus divergens', 'Ingerophrynus parvus', 'Ingerophrynus quadriporcatus']","[['Indonesia'], ['Indonesia'], ['Indonesia'], ['Indonesia'], ['Indonesia']]"
Kaloula pulchra,"['Kaloula baleata', 'Kaloula conjuncta', 'Kaloula kalingensis', 'Kaloula kokacii', 'Kaloula meridionalis', 'Kaloula picta', 'Kaloula rigida', 'Kaloula walteri']","[['Philippines'], ['Philippines'], ['Philippines'], ['Philippines'], ['Philippines'], ['Philippines'], ['Philippines'], ['Philippines']]"
Leiopelma hamiltoni,"['Leiopelma archeyi', 'Leiopelma hochstetteri']","[['New Zealand'], ['New Zealand']]"
Leptodactylus fallax,['Leptodactylus albilabris'],[['Puerto Rico']]
Leptodactylus fragilis,"['Leptodactylus bolivianus', 'Leptodactylus colombiensis', 'Leptodactylus diedrus', 'Leptodactylus discodactylus', 'Leptodactylus fuscus', 'Leptodactylus guianensis', 'Leptodactylus insularum', 'Leptodactylus knudseni', 'Leptodactylus leptodactyloides', 'Leptodactylus lithonaetes', 'Leptodactylus longirostris', 'Leptodactylus macrosternum', 'Leptodactylus melanonotus', 'Leptodactylus mystaceus', 'Leptodactylus pentadactylus', 'Leptodactylus petersii', 'Leptodactylus poecilochilus', 'Leptodactylus rhodomerus', 'Leptodactylus rhodomystax', 'Leptodactylus rhodonotus', 'Leptodactylus riveroi', 'Leptodactylus savagei', 'Leptodactylus stenodema', 'Leptodactylus validus', 'Leptodactylus ventrimaculatus', 'Leptodactylus wagneri']","[['Colombia'], ['Colombia'], ['Colombia'], ['Colombia'], ['Colombia'], ['Colombia'], ['Colombia'], ['Colombia'], ['Colombia'], ['Colombia'], ['Colombia'], ['Colombia'], ['Colombia'], ['Colombia'], ['Colombia'], ['Colombia'], ['Colombia'], ['Colombia'], ['Colombia'], ['Colombia'], ['Colombia'], ['Colombia'], ['Colombia'], ['Colombia'], ['Colombia'], ['Colombia']]"
Leptodactylus labyrinthicus,"['Leptodactylus avivoca', 'Leptodactylus barrioi', 'Leptodactylus bolivianus', 'Leptodactylus brevipes', 'Leptodactylus bufonius', 'Leptodactylus caatingae', 'Leptodactylus camaquara', 'Leptodactylus cunicularius', 'Leptodactylus cupreus', 'Leptodactylus didymus', 'Leptodactylus diedrus', 'Leptodactylus discodactylus', 'Leptodactylus elenae', 'Leptodactylus flavopictus', 'Leptodactylus fremitus', 'Leptodactylus furnarius', 'Leptodactylus fuscus', 'Leptodactylus gracilis', 'Leptodactylus guianensis', 'Leptodactylus hylodes', 'Leptodactylus intermedius', 'Leptodactylus jolyi', 'Leptodactylus kilombo', 'Leptodactylus knudseni', 'Leptodactylus latinasus', 'Leptodactylus latrans', 'Leptodactylus lauramiriamae', 'Leptodactylus leptodactyloides', 'Leptodactylus longirostris', 'Leptodactylus luctator', 'Leptodactylus macrosternum', 'Leptodactylus marambaiae', 'Leptodactylus myersi', 'Leptodactylus mystaceus', 'Leptodactylus mystacinus', 'Leptodactylus natalensis', 'Leptodactylus notoaktites', 'Leptodactylus oreomantis', 'Leptodactylus paraensis', 'Leptodactylus paranaru', 'Leptodactylus payaya', 'Leptodactylus pentadactylus', 'Leptodactylus petersii', 'Leptodactylus plaumanni', 'Leptodactylus podicipinus', 'Leptodactylus pustulatus', 'Leptodactylus rhodomystax', 'Leptodactylus rhodonotus', 'Leptodactylus riveroi', 'Leptodactylus rugosus', 'Leptodactylus sabanensis', 'Leptodactylus spixi', 'Leptodactylus stenodema', 'Leptodactylus syphax', 'Leptodactylus tapiti', 'Leptodactylus troglodytes', 'Leptodactylus validus', 'Leptodactylus vastus', 'Leptodactylus viridis', 'Leptodactylus wagneri', 'Leptodactylus watu']","[['Brazil'], ['Brazil'], ['Brazil'], ['Brazil'], ['Brazil'], ['Brazil'], ['Brazil'], ['Brazil'], ['Brazil'], ['Brazil'], ['Brazil'], ['Brazil'], ['Brazil'], ['Brazil'], ['Brazil'], ['Brazil'], ['Brazil'], ['Brazil'], ['Brazil'], ['Brazil'], ['Brazil'], ['Brazil'], ['Brazil'], ['Brazil'], ['Brazil'], ['Brazil'], ['Brazil'], ['Brazil'], ['Brazil'], ['Brazil'], ['Brazil'], ['Brazil'], ['Brazil'], ['Brazil'], ['Brazil'], ['Brazil'], ['Brazil'], ['Brazil'], ['Brazil'], ['Brazil'], ['Brazil'], ['Brazil'], ['Brazil'], ['Brazil'], ['Brazil'], ['Brazil'], ['Brazil'], ['Brazil'], ['Brazil'], ['Brazil'], ['Brazil'], ['Brazil'], ['Brazil'], ['Brazil'], ['Brazil'], ['Brazil'], ['Brazil'], ['Brazil'], ['Brazil'], ['Brazil'], ['Brazil']]"
Limnodynastes tasmaniensis,"['Limnodynastes convexiusculus', 'Limnodynastes depressus', 'Limnodynastes dorsalis', 'Limnodynastes dumerilii', 'Limnodynastes fletcheri', 'Limnodynastes grayi', 'Limnodynastes interioris', 'Limnodynastes lignarius', 'Limnodynastes peronii', 'Limnodynastes salmini', 'Limnodynastes superciliaris', 'Limnodynastes terraereginae']","[['Australia'], ['Australia'], ['Australia'], ['Australia'], ['Australia'], ['Australia'], ['Australia'], ['Australia'], ['Australia'], ['Australia'], ['Australia'], ['Australia']]"
Lissotriton montandoni,"['Lissotriton helveticus', 'Lissotriton vulgaris']","[['Germany'], ['Germany']]"
Lithobates berlandieri,"['Lithobates adleri', 'Lithobates brownorum', 'Lithobates chichicuahutla', 'Lithobates chiricahuensis', 'Lithobates cora', 'Lithobates dunni', 'Lithobates floresi', 'Lithobates forreri', 'Lithobates hillisi', 'Lithobates johni', 'Lithobates lemosespinali', 'Lithobates macroglossa', 'Lithobates maculatus', 'Lithobates magnaocularis', 'Lithobates megapoda', 'Lithobates montezumae', 'Lithobates neovolcanicus', 'Lithobates omiltemanus', 'Lithobates pipiens', 'Lithobates psilonota', 'Lithobates pueblae', 'Lithobates pustulosus', 'Lithobates sierramadrensis', 'Lithobates spectabilis', 'Lithobates tarahumarae', 'Lithobates tlaloci', 'Lithobates vaillanti', 'Lithobates yavapaiensis', 'Lithobates zweifeli', 'Lithobates blairi', 'Lithobates fisheri', 'Lithobates onca']","[['Mexico'], ['Mexico'], ['Mexico'], ['Mexico', 'United States of America - Arizona'], ['Mexico'], ['Mexico'], ['Mexico'], ['Mexico'], ['Mexico'], ['Mexico'], ['Mexico'], ['Mexico'], ['Mexico'], ['Mexico'], ['Mexico'], ['Mexico'], ['Mexico'], ['Mexico'], ['United States of America - Arizona', 'United States of America - California'], ['Mexico'], ['Mexico'], ['Mexico'], ['Mexico'], ['Mexico'], ['Mexico', 'United States of America - Arizona'], ['Mexico'], ['Mexico'], ['Mexico', 'United States of America - Arizona', 'United States of America - California'], ['Mexico'], ['United States of America - Arizona'], ['United States of America - Arizona'], ['United States of America - Arizona']]"
Lithobates sphenocephalus,"['Lithobates chiricahuensis', 'Lithobates pipiens', 'Lithobates tarahumarae', 'Lithobates yavapaiensis', 'Lithobates blairi', 'Lithobates fisheri', 'Lithobates onca']","[['United States of America - Arizona'], ['United States of America - Arizona', 'United States of America - California'], ['United States of America - Arizona'], ['United States of America - Arizona', 'United States of America - California'], ['United States of America - Arizona'], ['United States of America - Arizona'], ['United States of America - Arizona']]"
Litoria dentata,"['Litoria adelaidensis', 'Litoria aurifera', 'Litoria axillaris', 'Litoria balatus', 'Litoria bicolor', 'Litoria burrowsi', 'Litoria calliscelis', 'Litoria cooloolensis', 'Litoria coplandi', 'Litoria corbeni', 'Litoria electrica', 'Litoria ewingii', 'Litoria fallax', 'Litoria freycineti', 'Litoria inermis', 'Litoria jervisiensis', 'Litoria latopalmata', 'Litoria littlejohni', 'Litoria longirostris', 'Litoria meiriana', 'Litoria microbelos', 'Litoria nasuta', 'Litoria nigrofrenata', 'Litoria olongburensis', 'Litoria pallida', 'Litoria paraewingi', 'Litoria peronii', 'Litoria personata', 'Litoria quiritatus', 'Litoria revelata', 'Litoria ridibunda', 'Litoria rothii', 'Litoria rubella', 'Litoria sibilus', 'Litoria spaldingi', 'Litoria staccato', 'Litoria tornieri', 'Litoria tyleri', 'Litoria verreauxii', 'Litoria watjulumensis', 'Litoria watsoni']","[['Australia'], ['Australia'], ['Australia'], ['Australia'], ['Australia'], ['Australia'], ['Australia'], ['Australia'], ['Australia'], ['Australia'], ['Australia'], ['Australia'], ['Australia'], ['Australia'], ['Australia'], ['Australia'], ['Australia'], ['Australia'], ['Australia'], ['Australia'], ['Australia'], ['Australia'], ['Australia'], ['Australia'], ['Australia'], ['Australia'], ['Australia'], ['Australia'], ['Australia'], ['Australia'], ['Australia'], ['Australia'], ['Australia'], ['Australia'], ['Australia'], ['Australia'], ['Australia'], ['Australia'], ['Australia'], ['Australia'], ['Australia']]"
Microhyla mukhlesuri,"['Microhyla butleri', 'Microhyla mantheyi']","[['Singapore'], ['Singapore']]"
Microhyla orientalis,"['Microhyla achatina', 'Microhyla borneensis', 'Microhyla butleri', 'Microhyla gadjahmadai', 'Microhyla malang', 'Microhyla mantheyi', 'Microhyla nakkavaram', 'Microhyla palmipes', 'Microhyla sriwijaya', 'Microhyla sundaica', 'Microhyla superciliaris']","[['Indonesia'], ['Indonesia'], ['Indonesia'], ['Indonesia'], ['Indonesia'], ['Indonesia'], ['Indonesia'], ['Indonesia'], ['Indonesia'], ['Indonesia'], ['Indonesia']]"
Nyctimystes infrafrenatus,"['Nyctimystes azuroscelis', 'Nyctimystes fluviatilis', 'Nyctimystes granti', 'Nyctimystes humeralis', 'Nyctimystes lubisi', 'Nyctimystes montanus', 'Nyctimystes multicolor', 'Nyctimystes narinosus', 'Nyctimystes pulcher', 'Nyctimystes purpureolatus', 'Nyctimystes sanguinolenta', 'Nyctimystes tenuigranulata']","[['Indonesia'], ['Indonesia'], ['Indonesia'], ['Indonesia'], ['Indonesia'], ['Indonesia'], ['Indonesia'], ['Indonesia'], ['Indonesia'], ['Indonesia'], ['Indonesia'], ['Indonesia']]"
Osteopilus septentrionalis,"['Osteopilus crucialis', 'Osteopilus dominicensis', 'Osteopilus marianae', 'Osteopilus ocellatus', 'Osteopilus pulchrilineatus', 'Osteopilus vastus', 'Osteopilus wilderi']","[['Jamaica'], ['Dominican Republic', 'Haiti'], ['Jamaica'], ['Jamaica'], ['Dominican Republic', 'Haiti'], ['Dominican Republic', 'Haiti'], ['Jamaica']]"
Pelophylax lessonae,"['Pelophylax perezi', 'Pelophylax saharicus']","[['Spain'], ['Spain']]"
Pelophylax ridibundus,"['Pelophylax fukienensis', 'Pelophylax lessonae', 'Pelophylax mongolius', 'Pelophylax nigromaculatus', 'Pelophylax perezi', 'Pelophylax plancyi', 'Pelophylax saharicus']","[['China', ""People's Republic of""], ['Belgium', 'Italy', 'Switzerland'], ['China', ""People's Republic of""], ['China', ""People's Republic of""], ['Spain'], ['China', ""People's Republic of""], ['Spain']]"
Pelophylax saharicus,"['Pelophylax lessonae', 'Pelophylax perezi', 'Pelophylax ridibundus']","[['France'], ['France', 'Spain'], ['France']]"
Pelophylax shqipericus,"['Pelophylax lessonae', 'Pelophylax ridibundus']","[['Italy'], ['Italy']]"
Phyllodytes luteolus,"['Phyllodytes acuminatus', 'Phyllodytes amadoi', 'Phyllodytes brevirostris', 'Phyllodytes edelmoi', 'Phyllodytes gyrinaethes', 'Phyllodytes iuna', 'Phyllodytes kautskyi', 'Phyllodytes maculosus', 'Phyllodytes magnus', 'Phyllodytes megatympanum', 'Phyllodytes melanomystax', 'Phyllodytes praeceptor', 'Phyllodytes punctatus', 'Phyllodytes tuberculosus', 'Phyllodytes wuchereri']","[['Brazil'], ['Brazil'], ['Brazil'], ['Brazil'], ['Brazil'], ['Brazil'], ['Brazil'], ['Brazil'], ['Brazil'], ['Brazil'], ['Brazil'], ['Brazil'], ['Brazil'], ['Brazil'], ['Brazil']]"
Pipa parva,"['Pipa arrabali', 'Pipa pipa']","[['Venezuela'], ['Venezuela']]"
Polypedates leucomystax,"['Polypedates colletti', 'Polypedates iskandari', 'Polypedates macrotis', 'Polypedates otilophus', 'Polypedates pseudotilophus', 'Polypedates hecticus']","[['Indonesia'], ['Indonesia'], ['Indonesia', 'Philippines'], ['Indonesia'], ['Indonesia'], ['Philippines']]"
Ranoidea cyclorhynchus,"['Ranoidea alboguttata', 'Ranoidea andiirrmalin', 'Ranoidea aurea', 'Ranoidea australis', 'Ranoidea barringtonensis', 'Ranoidea bella', 'Ranoidea booroolongensis', 'Ranoidea brevipes', 'Ranoidea caerulea', 'Ranoidea cavernicola', 'Ranoidea chloris', 'Ranoidea citropa', 'Ranoidea cryptotis', 'Ranoidea cultripes', 'Ranoidea dahlii', 'Ranoidea daviesae', 'Ranoidea dayi', 'Ranoidea eucnemis', 'Ranoidea gilleni', 'Ranoidea gracilenta', 'Ranoidea jungguy', 'Ranoidea kroombitensis', 'Ranoidea lesueuri', 'Ranoidea longipes', 'Ranoidea lorica', 'Ranoidea maculosa', 'Ranoidea maini', 'Ranoidea manya', 'Ranoidea moorei', 'Ranoidea myola', 'Ranoidea nannotis', 'Ranoidea novaehollandiae', 'Ranoidea nudidigita', 'Ranoidea nyakalensis', 'Ranoidea occidentalis', 'Ranoidea pearsoniana', 'Ranoidea piperata', 'Ranoidea platycephala', 'Ranoidea raniformis', 'Ranoidea rheocola', 'Ranoidea serrata', 'Ranoidea spenceri', 'Ranoidea splendida', 'Ranoidea subglandulosa', 'Ranoidea vagitus', 'Ranoidea verrucosa', 'Ranoidea wilcoxii', 'Ranoidea xanthomera']","[['Australia'], ['Australia'], ['Australia'], ['Australia'], ['Australia'], ['Australia'], ['Australia'], ['Australia'], ['Australia'], ['Australia'], ['Australia'], ['Australia'], ['Australia'], ['Australia'], ['Australia'], ['Australia'], ['Australia'], ['Australia'], ['Australia'], ['Australia'], ['Australia'], ['Australia'], ['Australia'], ['Australia'], ['Australia'], ['Australia'], ['Australia'], ['Australia'], ['Australia'], ['Australia'], ['Australia'], ['Australia'], ['Australia'], ['Australia'], ['Australia'], ['Australia'], ['Australia'], ['Australia'], ['Australia'], ['Australia'], ['Australia'], ['Australia'], ['Australia'], ['Australia'], ['Australia'], ['Australia'], ['Australia'], ['Australia']]"
Rhinella diptycha,"['Rhinella achavali', 'Rhinella acutirostris', 'Rhinella arenarum', 'Rhinella azarai', 'Rhinella bergi', 'Rhinella casconi', 'Rhinella castaneotica', 'Rhinella cerradensis', 'Rhinella crucifer', 'Rhinella dapsilis', 'Rhinella dorbignyi', 'Rhinella exostosica', 'Rhinella granulosa', 'Rhinella henseli', 'Rhinella hoogmoedi', 'Rhinella icterica', 'Rhinella inopina', 'Rhinella lescurei', 'Rhinella magnussoni', 'Rhinella major', 'Rhinella margaritifera', 'Rhinella marina', 'Rhinella martyi', 'Rhinella merianae', 'Rhinella mirandaribeiroi', 'Rhinella nattereri', 'Rhinella ocellata', 'Rhinella ornata', 'Rhinella parecis', 'Rhinella poeppigii', 'Rhinella proboscidea', 'Rhinella pygmaea', 'Rhinella rubescens', 'Rhinella sebbeni', 'Rhinella stanlaii', 'Rhinella teotoniensis', 'Rhinella veredas']","[['Brazil'], ['Brazil'], ['Brazil'], ['Brazil'], ['Brazil'], ['Brazil'], ['Brazil'], ['Brazil'], ['Brazil'], ['Brazil'], ['Brazil'], ['Brazil'], ['Brazil'], ['Brazil'], ['Brazil'], ['Brazil'], ['Brazil'], ['Brazil'], ['Brazil'], ['Brazil'], ['Brazil'], ['Brazil'], ['Brazil'], ['Brazil'], ['Brazil'], ['Brazil'], ['Brazil'], ['Brazil'], ['Brazil'], ['Brazil'], ['Brazil'], ['Brazil'], ['Brazil'], ['Brazil'], ['Brazil'], ['Brazil'], ['Brazil']]"
Scinax quinquefasciatus,"['Scinax cruentomma', 'Scinax funereus', 'Scinax garbei', 'Scinax sugillatus', 'Scinax tsachila']","[['Ecuador'], ['Ecuador'], ['Ecuador'], ['Ecuador'], ['Ecuador']]"
Speleomantes ambrosii,['Speleomantes strinatii'],[['France']]
Telmatobius macrostomus,"['Telmatobius culeus', 'Telmatobius marmoratus', 'Telmatobius peruvianus', 'Telmatobius sanborni', 'Telmatobius timens', 'Telmatobius arequipensis', 'Telmatobius atahualpai', 'Telmatobius brachydactylus', 'Telmatobius brevipes', 'Telmatobius brevirostris', 'Telmatobius carrillae', 'Telmatobius colanensis', 'Telmatobius degener', 'Telmatobius hockingi', 'Telmatobius ignavus', 'Telmatobius intermedius', 'Telmatobius jelskii', 'Telmatobius latirostris', 'Telmatobius mantaro', 'Telmatobius mayoloi', 'Telmatobius mendelsoni', 'Telmatobius necopinus', 'Telmatobius punctatus', 'Telmatobius rimac', 'Telmatobius thompsoni', 'Telmatobius truebae', 'Telmatobius ventriflavum']","[['Peru'], ['Peru'], ['Peru'], ['Peru'], ['Peru'], ['Peru'], ['Peru'], ['Peru'], ['Peru'], ['Peru'], ['Peru'], ['Peru'], ['Peru'], ['Peru'], ['Peru'], ['Peru'], ['Peru'], ['Peru'], ['Peru'], ['Peru'], ['Peru'], ['Peru'], ['Peru'], ['Peru'], ['Peru'], ['Peru'], ['Peru']]"
Triturus carnifex,"['Triturus cristatus', 'Triturus marmoratus']","[['Belgium', 'France', 'Netherlands', 'Switzerland', 'United Kingdom'], ['France']]"
